number,id,url,title,channel,group,publish_day,views,duration_seconds,shorts_confirmed,cover_observation,interest_hypothesis,suggested_production,english_audience_fit,software_evidence,visual_status,evidence_limit,checked_utc,query
1,wMPzfGkOsi4,https://www.youtube.com/watch?v=wMPzfGkOsi4,When Noob received the test paper #shorts #short #roblox #funny #robloxmemes,Clutchmaker,short_entertainment,2025-02-09,32525114,18,True,Лист контрольной и раздражённое лицо Noob; крупный герой,Узнаваемая школьная неприятность,"3D, два героя, школа",English title; spoken language not independently checked,unknown; final pixels do not establish the production software,thumbnail_only,"Thumbnail and public metadata only; motion, audio, first frame and retention not checked",2026-10-05T22:36:05Z,roblox animation noob
2,LOluTaYGGk8,https://www.youtube.com/watch?v=LOluTaYGGk8,Roblox Animator: Noob vs Pro Body Slam 💥,RobloxArtSchool,short_entertainment,2026-07-20,414714,15,True,Сравнение noob/pro и вид редактора,Зритель ждёт улучшения движения,"3D, сравнительный учебный формат",English title; spoken language not independently checked,Blender mentioned by uploader; role in production not independently checked,thumbnail_only,"Thumbnail and public metadata only; motion, audio, first frame and retention not checked",2026-10-05T22:36:06Z,roblox animation noob
3,orBMSFVo8Mw,https://www.youtube.com/watch?v=orBMSFVo8Mw,A wholesome Guest 666 and Noob animation🫶// Forsaken ROBLOX #forsaken #roblox #animation #shorts,? Moshi_⚔️🪽¿,short_entertainment,2025-04-15,15028211,13,True,Рисованный Noob и красный персонаж,Контраст опасного образа и дружбы,"2D, фанатский мем",English title; spoken language not independently checked,unknown; final pixels do not establish the production software,thumbnail_only,"Thumbnail and public metadata only; motion, audio, first frame and retention not checked",2026-10-05T22:36:06Z,roblox animation noob
4,ULQjP21ZHwk,https://www.youtube.com/watch?v=ULQjP21ZHwk,Perfect World | Roblox #edit #shorts #animation #roblox #fyp #trending #trend #funny #art #memes,Robert Noob,short_entertainment,2026-09-27,6117626,21,True,Две зоны BAD/GOOD с рисованными героями,Простое сравнение вариантов,"2D, сравнение",English title; spoken language not independently checked,unknown; final pixels do not establish the production software,thumbnail_only,"Thumbnail and public metadata only; motion, audio, first frame and retention not checked",2026-10-05T22:36:06Z,roblox animation noob
5,hBiDzZEDwFo,https://www.youtube.com/watch?v=hBiDzZEDwFo,C00LKID transforms into NOOB #roblox #forsaken #animation #memes #shorts #fyp,OofioAnimates,short_entertainment,2025-06-29,29237433,20,True,Красный блочный C00LKID на светлом фоне,Превращение одного узнаваемого героя в другого,"3D, смена модели",English title; spoken language not independently checked,unknown; final pixels do not establish the production software; Moon Animator mentioned by uploader,thumbnail_only,"Thumbnail and public metadata only; motion, audio, first frame and retention not checked",2026-10-05T22:36:06Z,roblox animation noob
6,6erHL-rL9hg,https://www.youtube.com/watch?v=6erHL-rL9hg,Noob has a Noobverse in Roblox Universe?! - Baby You Buggin Animation Meme (Ft. Forsaken & More),FadlAnimations,short_entertainment,2026-09-20,1039910,17,True,"Noob, несколько версий, яркие контуры и символы",Вариации одного персонажа,"2D, фанатский ансамбль",English title; spoken language not independently checked,unknown; final pixels do not establish the production software,thumbnail_only,"Thumbnail and public metadata only; motion, audio, first frame and retention not checked",2026-10-05T22:36:06Z,roblox animation noob
7,2l2qB3dvfTw,https://www.youtube.com/watch?v=2l2qB3dvfTw,When They Try to Humiliate the Noob in P.E. Class - Roblox Animation #robloxanimation,Ninja Roblox,short_entertainment,2025-05-22,2417841,12,True,"Noob в спортивном зале, другой герой на фоне",Унижение и ожидаемый переворот силы,"3D, школьная комедия",English title; spoken language not independently checked,unknown; final pixels do not establish the production software,thumbnail_only,"Thumbnail and public metadata only; motion, audio, first frame and retention not checked",2026-10-05T22:36:07Z,roblox animation noob
8,Zyl9W4rkTCc,https://www.youtube.com/watch?v=Zyl9W4rkTCc,Roblox Animator: Noob vs Pro Fight Scene 🥊🔥,RobloxArtSchool,short_entertainment,2026-10-01,124109,20,True,Редактор анимации и подпись noob,До/после качества движения,"3D, сравнительный учебный формат",English title; spoken language not independently checked,Blender mentioned by uploader; role in production not independently checked,thumbnail_only,"Thumbnail and public metadata only; motion, audio, first frame and retention not checked",2026-10-05T22:36:07Z,roblox animation noob
9,UCviF7ATIoA,https://www.youtube.com/watch?v=UCviF7ATIoA,Roblox Guest&Noob Animation pt 23 #roblox #robloxanimation #noob #guest,Bewray-KGZ,short_entertainment,2025-10-21,440305,17,True,Два блочных героя на чёрном фоне,Отношения повторяющейся пары,"3D, короткая серия",English title; spoken language not independently checked,unknown; final pixels do not establish the production software,thumbnail_only,"Thumbnail and public metadata only; motion, audio, first frame and retention not checked",2026-10-05T22:36:07Z,roblox animation noob
10,-G7djnMm804,https://www.youtube.com/watch?v=-G7djnMm804,When Noob tugs war with C00lkidd kid ☠️ PT3 - Roblox Dead Rails #robloxanimation,Ninja Roblox,short_entertainment,2025-07-11,69208402,13,True,"Вертикальная сцена со штангой, Noob и другими героями",Несоответствие силы и внешности,"3D, физический гэг",English title; spoken language not independently checked,unknown; final pixels do not establish the production software,thumbnail_only,"Thumbnail and public metadata only; motion, audio, first frame and retention not checked",2026-10-05T22:36:07Z,roblox animation noob
11,zOrq7MsCAD4,https://www.youtube.com/watch?v=zOrq7MsCAD4,When Noob is Confident 💀 PT1 - Animation #robloxmemes  #noob #cartoon #funny,GameAnimania,short_entertainment,2025-08-16,25504109,29,True,Маленький Noob и крупный олень в лесу,Уверенность перед очевидной опасностью,"3D, хоррор-комедия",English title; spoken language not independently checked,unknown; final pixels do not establish the production software,thumbnail_only,"Thumbnail and public metadata only; motion, audio, first frame and retention not checked",2026-10-05T22:36:08Z,roblox animation noob
12,wYP2-rDRQ8k,https://www.youtube.com/watch?v=wYP2-rDRQ8k,Roblox Animation Meme: Noob vs Tornado 🌪️,Noobnado,short_entertainment,2026-10-05,23,10,True,"Noob под зонтом, падающие предметы",Безобидная защита от чрезмерной угрозы,"3D, физический гэг",English title; spoken language not independently checked,unknown; final pixels do not establish the production software,thumbnail_only,"Thumbnail and public metadata only; motion, audio, first frame and retention not checked",2026-10-05T22:36:08Z,roblox animation noob
13,T3PlFY7TuHg,https://www.youtube.com/watch?v=T3PlFY7TuHg,sushi or-GET OUT 🗣🗣 roblox animation meme #RobloxAnimation #shorts #short #memes #roblox,Hawks RBX,short_entertainment,2024-09-01,19611306,18,True,Крупное удивлённое лицо и варианты еды,Выбор с неожиданной реакцией,"3D, звуковой мем",English title; spoken language not independently checked,unknown; final pixels do not establish the production software; Moon Animator mentioned by uploader,thumbnail_only,"Thumbnail and public metadata only; motion, audio, first frame and retention not checked",2026-10-05T22:36:08Z,roblox animation noob
14,yDW-dFG_N04,https://www.youtube.com/watch?v=yDW-dFG_N04,"Noob's ""Memories"" | Roblox Forsaken #roblox #forsaken #robloxanimation #animation",decentcreator,short_entertainment,2026-09-23,715261,59,True,Лицо Noob и знак !!,Воспоминание и эмоциональная реакция,"3D, фанатская история",English title; spoken language not independently checked,unknown; final pixels do not establish the production software,thumbnail_only,"Thumbnail and public metadata only; motion, audio, first frame and retention not checked",2026-10-05T22:36:08Z,roblox animation noob
15,Kyag7lLpjXk,https://www.youtube.com/watch?v=Kyag7lLpjXk,My Noob Friends is = 💀 PT 1,Clutchmaker,short_entertainment,2025-02-20,14394455,14,True,"Noob в очках, крупная рука",Понятный характер персонажа,"3D, комедия пары",English title; spoken language not independently checked,unknown; final pixels do not establish the production software,thumbnail_only,"Thumbnail and public metadata only; motion, audio, first frame and retention not checked",2026-10-05T22:36:09Z,roblox animation noob
16,CSMXFeJpoX0,https://www.youtube.com/watch?v=CSMXFeJpoX0,Noob VS Pro #roblox  #robloxmemes #animation,CloversAnimations,short_entertainment,2025-08-06,1170027,17,True,Noob держит другого героя; подпись про постройку,Контраст ожидаемого и реального результата,"3D, игровая бытовая шутка",English title; spoken language not independently checked,unknown; final pixels do not establish the production software,thumbnail_only,"Thumbnail and public metadata only; motion, audio, first frame and retention not checked",2026-10-05T22:36:09Z,roblox animation noob
17,3bmopKyaLbs,https://www.youtube.com/watch?v=3bmopKyaLbs,Roblox Noob And Guest Animation  #roblox #robloxanimation #noob #guest,Bewray-KGZ,short_entertainment,2025-09-13,1318048,13,True,Утрированное выражение Noob на светлом фоне,Эмоция пары Noob/Guest,"3D, комедия пары",English title; spoken language not independently checked,unknown; final pixels do not establish the production software,thumbnail_only,"Thumbnail and public metadata only; motion, audio, first frame and retention not checked",2026-10-05T22:36:09Z,roblox animation noob
18,9ehYg8EPQY8,https://www.youtube.com/watch?v=9ehYg8EPQY8,Just Spawned In #animation #roblox #funny #relateable #shorts #viralvideo #fyp,Battle Bacon,short_entertainment,2024-12-28,14481434,10,True,Маленькие герои и подпись про начало жизни,Узнаваемое начало и ностальгия,"3D, бытовая комедия",English title; spoken language not independently checked,unknown; final pixels do not establish the production software,thumbnail_only,"Thumbnail and public metadata only; motion, audio, first frame and retention not checked",2026-10-05T22:36:10Z,roblox funny animation shorts
19,ZV-Xs1UfJh0,https://www.youtube.com/watch?v=ZV-Xs1UfJh0,Makes no sense (Roblox Animation) #roblox #robloxanimation #funny #meme,Averymations,short_entertainment,2025-07-28,19572230,10,True,Блочные персонажи и подпись про буллинг,Несправедливость и ожидание реакции,"3D, социальная комедия",English title; spoken language not independently checked,unknown; final pixels do not establish the production software,thumbnail_only,"Thumbnail and public metadata only; motion, audio, first frame and retention not checked",2026-10-05T22:36:10Z,roblox funny animation shorts
20,Mt_z-q21JAg,https://www.youtube.com/watch?v=Mt_z-q21JAg,I pranked My MOM part.7 🤣 Roblox Meme #funny #memes #animation #shorts #roblox,Pepe Roblox,short_entertainment,2024-10-20,43475476,12,True,"Мама с предметом в руке, большой план",Розыгрыш близкого человека и последствия,"3D, бытовая комедия",English title; spoken language not independently checked,unknown; final pixels do not establish the production software,thumbnail_only,"Thumbnail and public metadata only; motion, audio, first frame and retention not checked",2026-10-05T22:36:11Z,roblox funny animation shorts
21,zTN7AGSrn9M,https://www.youtube.com/watch?v=zTN7AGSrn9M,Dads be like  #roblox #robloxanimation #memes,Eridinchi,short_entertainment,2024-07-06,17786762,8,True,Блочный отец с разведёнными руками,Узнаваемая реакция родителя,"3D, бытовая комедия",English title; spoken language not independently checked,unknown; final pixels do not establish the production software,thumbnail_only,"Thumbnail and public metadata only; motion, audio, first frame and retention not checked",2026-10-05T22:36:11Z,roblox funny animation shorts
22,g9qBXPpGSf0,https://www.youtube.com/watch?v=g9qBXPpGSf0,When the teacher asks for questions 💀 #roblox #animation #shorts,Bewray-KGZ,short_entertainment,2026-10-05,2969,17,True,Герой за партой и надпись The whole class,Школьная коллективная реакция,"3D, школьная комедия",English title; spoken language not independently checked,unknown; final pixels do not establish the production software; Moon Animator mentioned by uploader,thumbnail_only,"Thumbnail and public metadata only; motion, audio, first frame and retention not checked",2026-10-05T22:36:12Z,roblox funny animation shorts
23,xt7076wU9ho,https://www.youtube.com/watch?v=xt7076wU9ho,Roblox Animation | You are fired! #roblox #robloxmoonanimator  #memes  #robloxedit #animation #vines,BonkieDoge,short_entertainment,2024-05-21,54546360,13,True,"Два персонажа с оружием, текст реплики",Фраза как поворот рабочей ситуации,"3D, мемная сценка",English title; spoken language not independently checked,unknown; final pixels do not establish the production software,thumbnail_only,"Thumbnail and public metadata only; motion, audio, first frame and retention not checked",2026-10-05T22:36:12Z,roblox funny animation shorts
24,Pkhxtm9d03c,https://www.youtube.com/watch?v=Pkhxtm9d03c,Siblings fight ⚔️👥||ROBLOX ANIMATION #roblox #animation #edit #art,Matchty,short_entertainment,2024-12-11,19881871,16,True,Группа героев и выделенная поза,Соперничество братьев и сестёр,"3D, бытовая комедия",English title; spoken language not independently checked,unknown; final pixels do not establish the production software,thumbnail_only,"Thumbnail and public metadata only; motion, audio, first frame and retention not checked",2026-10-05T22:36:12Z,roblox funny animation shorts
25,wrJNZj4TB1g,https://www.youtube.com/watch?v=wrJNZj4TB1g,Mothers Day | Roblox Animation,ReddSHK,short_entertainment,2025-05-16,96814,49,,Сдержанная серая сцена и два героя,Эмоциональная семейная история,"3D, история отношений",English title; spoken language not independently checked,unknown; final pixels do not establish the production software,thumbnail_only,"Thumbnail and public metadata only; motion, audio, first frame and retention not checked",2026-10-05T22:36:13Z,roblox animation mom
26,E2paCdimpmo,https://www.youtube.com/watch?v=E2paCdimpmo,When Your Mom Forgets To Buy Something at Mall  #robloxanimation #roblox,Eridinchi,short_entertainment,2024-06-24,140489513,13,True,"Noob в магазине, крупное испуганное лицо","Ситуация, знакомая вне Roblox","3D, бытовая комедия",English title; spoken language not independently checked,unknown; final pixels do not establish the production software,thumbnail_only,"Thumbnail and public metadata only; motion, audio, first frame and retention not checked",2026-10-05T22:36:13Z,roblox animation mom
27,l7qSmSo-l9c,https://www.youtube.com/watch?v=l7qSmSo-l9c,Moms circle friends #roblox #robloxanimation,Rg,short_entertainment,2026-09-18,251853,16,True,"Крупная фигура мамы, надпись Moms friend Circle",Семейное наблюдение и узнавание,"3D, бытовая комедия",English title; spoken language not independently checked,unknown; final pixels do not establish the production software,thumbnail_only,"Thumbnail and public metadata only; motion, audio, first frame and retention not checked",2026-10-05T22:36:13Z,roblox animation mom
28,sJJGTN5dJXA,https://www.youtube.com/watch?v=sJJGTN5dJXA,Mom's Weapons: | Roblox Animation | #roblox #animation,Crunchii!,short_entertainment,2026-08-29,28306,20,True,"Герои на фоне оружия, подпись Mom's weapons",Абсурдное преувеличение родительской строгости,"3D, бытовая комедия",English title; spoken language not independently checked,unknown; final pixels do not establish the production software,thumbnail_only,"Thumbnail and public metadata only; motion, audio, first frame and retention not checked",2026-10-05T22:36:13Z,roblox animation mom
29,fRaccZMAg5U,https://www.youtube.com/watch?v=fRaccZMAg5U,Hiding your exam results from mom😭 #roblox #shorts #robloxanimation,BaconBoii,short_entertainment,2026-10-04,39716,24,True,"Класс, лицо ученика и подпись про оценку",Скрытый проступок и риск раскрытия,"3D, школьная комедия",English title; spoken language not independently checked,unknown; final pixels do not establish the production software,thumbnail_only,"Thumbnail and public metadata only; motion, audio, first frame and retention not checked",2026-10-05T22:36:13Z,roblox animation mom
30,ByLUZFk3Uw8,https://www.youtube.com/watch?v=ByLUZFk3Uw8,Where is my mom? - ANIMAL HOSPITAL | ROBLOX ANIMATION,GH'S,short_entertainment,2026-08-30,8593941,20,True,"Рисованные доктор, ребёнок и мама",Тревога ребёнка и обещание заботы,"2D, история по Animal Hospital",English title; spoken language not independently checked,unknown; final pixels do not establish the production software,thumbnail_only,"Thumbnail and public metadata only; motion, audio, first frame and retention not checked",2026-10-05T22:36:14Z,roblox animation mom
31,0ItJnJZs3Kg,https://www.youtube.com/watch?v=0ItJnJZs3Kg,Mom doesn’t get it 😭 #roblox #animation #robloxanimation #memes #relatable #planes #mom #bruh #fyp,Corpunoob,short_entertainment,2026-04-26,401476,11,True,Кадр с самолётом и подпись про родителей,Несовпадение взглядов родителей и ребёнка,"3D, бытовая комедия",English title; spoken language not independently checked,unknown; final pixels do not establish the production software,thumbnail_only,"Thumbnail and public metadata only; motion, audio, first frame and retention not checked",2026-10-05T22:36:14Z,roblox animation mom
32,otiBQVTjuWM,https://www.youtube.com/watch?v=otiBQVTjuWM,Protective #pmdamiann #roblox #robloxanimation,PMdamiann,short_entertainment,2025-03-08,28786443,9,True,Крупный светлый персонаж и красное сердце,Защитная реакция родителя,"3D, семейный мем",English title; spoken language not independently checked,unknown; final pixels do not establish the production software,thumbnail_only,"Thumbnail and public metadata only; motion, audio, first frame and retention not checked",2026-10-05T22:36:15Z,roblox animation mom
33,T9Rn1y0jD18,https://www.youtube.com/watch?v=T9Rn1y0jD18,Mom you don't have to clean EVERY part of the house for visitors #roblox #robloxanimation #guest,OnlineOmar,short_entertainment,2026-04-18,6081255,21,True,Мама у двери и текст про уборку,Гипербола знакомой домашней привычки,"3D, бытовая комедия",English title; spoken language not independently checked,unknown; final pixels do not establish the production software,thumbnail_only,"Thumbnail and public metadata only; motion, audio, first frame and retention not checked",2026-10-05T22:36:15Z,roblox animation mom
34,zYbtPIZOkSs,https://www.youtube.com/watch?v=zYbtPIZOkSs,Average parents lore.. #roblox #robloxanimation,YourNoobDude,short_entertainment,2026-07-26,14979764,17,True,Тёмный персонаж и игрушечный мотоцикл,Разница поведения родителей,"3D, бытовая комедия",English title; spoken language not independently checked,unknown; final pixels do not establish the production software,thumbnail_only,"Thumbnail and public metadata only; motion, audio, first frame and retention not checked",2026-10-05T22:36:15Z,roblox animation mom
35,ORK1KWjuQac,https://www.youtube.com/watch?v=ORK1KWjuQac,Roblox Angry Mom #animation #roblox #memes,phoneystudios 🍁,short_entertainment,2026-08-18,3667,11,True,Мрачный крупный план героя с рукой у лица,Последствие проступка перед мамой,"3D, бытовая комедия",English title; spoken language not independently checked,unknown; final pixels do not establish the production software,thumbnail_only,"Thumbnail and public metadata only; motion, audio, first frame and retention not checked",2026-10-05T22:36:15Z,roblox animation mom
36,j9Z3NTtYaAw,https://www.youtube.com/watch?v=j9Z3NTtYaAw,Mom say - SLEEEEP! 😈😂,MiAnimation🎬,short_entertainment,2025-10-20,7982420,11,True,Мама в ярко освещённой комнате и команда спать,Нарушение запрета и угроза наказания,"3D, бытовая комедия",English title; spoken language not independently checked,unknown; final pixels do not establish the production software,thumbnail_only,"Thumbnail and public metadata only; motion, audio, first frame and retention not checked",2026-10-05T22:36:15Z,roblox animation mom
37,IwVoJosOcag,https://www.youtube.com/watch?v=IwVoJosOcag,Strict Mom vs Son 😂🏃‍♂️ | Roblox Animation #shorts,gampowne,short_entertainment,2026-09-26,30212,15,True,"Два блочных героя, пульт, крупный текст",Реквизит как простое преимущество героя,"3D, физический гэг",English title; spoken language not independently checked,unknown; final pixels do not establish the production software,thumbnail_only,"Thumbnail and public metadata only; motion, audio, first frame and retention not checked",2026-10-05T22:36:15Z,roblox animation mom
38,PMdn7UcylIw,https://www.youtube.com/watch?v=PMdn7UcylIw,POV: Mom Finds Your Grade - ROBLOX ANIMATION,GH'S,short_entertainment,2026-05-27,3095467,20,True,"Рисованные мать, ребёнок и контрольная",Оценка как мгновенно понятная ставка,"2D, бытовая комедия",English title; spoken language not independently checked,unknown; final pixels do not establish the production software,thumbnail_only,"Thumbnail and public metadata only; motion, audio, first frame and retention not checked",2026-10-05T22:36:16Z,roblox animation mom
39,RwQzJCQfTfg,https://www.youtube.com/watch?v=RwQzJCQfTfg,Nostalgia - 99 NIGHT IN THE FOREST | ROBLOX ANIMATION,GH'S,short_entertainment,2025-11-18,78366277,16,True,Рисованные Dino Kid и Bacon,Память о героях и ностальгия,"2D, история по 99 Nights",English title; spoken language not independently checked,unknown; final pixels do not establish the production software,thumbnail_only,"Thumbnail and public metadata only; motion, audio, first frame and retention not checked",2026-10-05T22:36:17Z,roblox animation 99 nights
40,I8wLgY12sVg,https://www.youtube.com/watch?v=I8wLgY12sVg,NOT ANYMORE - 99 NIGHT IN THE FOREST | ROBLOX ANIMATION,GH'S,short_entertainment,2025-10-26,90839316,17,True,"Рисованные герои, сильный контраст и сияние",Смена отношения героя к прошлому,"2D, история по 99 Nights",English title; spoken language not independently checked,unknown; final pixels do not establish the production software,thumbnail_only,"Thumbnail and public metadata only; motion, audio, first frame and retention not checked",2026-10-05T22:36:18Z,roblox animation 99 nights
41,AslImT62L7U,https://www.youtube.com/watch?v=AslImT62L7U,99 Nights in the Forest animation 🦌,순록,short_entertainment,2025-08-22,33121286,31,True,Рисованный олень против Noob,Один монстр и узнаваемый игровой герой,"2D, хоррор-комедия",English title; spoken language not independently checked,unknown; final pixels do not establish the production software,thumbnail_only,"Thumbnail and public metadata only; motion, audio, first frame and retention not checked",2026-10-05T22:36:18Z,roblox animation 99 nights
42,6yxRv2_ZjUI,https://www.youtube.com/watch?v=6yxRv2_ZjUI,When DEER Tries to Kill Noob in the 99 Nights Forest ☠️ PT2 #robloxmemes  #noob #cartoon #funny,GameAnimania,short_entertainment,2025-09-01,239269773,34,True,Большой олень и группа мелких блочных героев,Контраст угрозы и маленького героя,"3D, хоррор-комедия",English title; spoken language not independently checked,unknown; final pixels do not establish the production software,thumbnail_only,"Thumbnail and public metadata only; motion, audio, first frame and retention not checked",2026-10-05T22:36:18Z,roblox animation 99 nights
43,r8qHwpfWW7k,https://www.youtube.com/watch?v=r8qHwpfWW7k,When the cultist put Newbie in jail in 99 Nights in the Forest ☠️,Clutchmaker,short_entertainment,2025-09-12,6089641,22,True,Раздражённое лицо Noob и решётки,Плен и ожидание выхода,"3D, хоррор-комедия",English title; spoken language not independently checked,unknown; final pixels do not establish the production software,thumbnail_only,"Thumbnail and public metadata only; motion, audio, first frame and retention not checked",2026-10-05T22:36:18Z,roblox animation 99 nights
44,FAcLqm0nPTQ,https://www.youtube.com/watch?v=FAcLqm0nPTQ,Ranking Best 99 Nights in the Forest Animations,List Central,short_entertainment,2026-07-01,82748,60,True,Колонка ранжирования и несколько рисунков,Ожидание победителя списка,Составной ranking; происхождение фрагментов не проверено,English title; spoken language not independently checked,unknown; final pixels do not establish the production software,thumbnail_only,"Thumbnail and public metadata only; motion, audio, first frame and retention not checked",2026-10-05T22:36:19Z,roblox animation 99 nights
45,azVMY5cBwAM,https://www.youtube.com/watch?v=azVMY5cBwAM,My Best Games Ever - 99 NIGHT IN THE FOREST | ROBLOX ANIMATION,TI-REX,short_entertainment,2026-10-01,100284,13,True,Игровой кадр и лицо ведущего внизу,Реакция на знакомую игру,Смешанная реакция; происхождение фрагментов не проверено,English title; spoken language not independently checked,unknown; final pixels do not establish the production software,thumbnail_only,"Thumbnail and public metadata only; motion, audio, first frame and retention not checked",2026-10-05T22:36:19Z,roblox animation 99 nights
46,-BjIbSEkQIc,https://www.youtube.com/watch?v=-BjIbSEkQIc,The Most Loyal Friend in Roblox ❤️ 99 Nights in the Forest #99nightintheforest #roblox #animation,DAN,short_entertainment,2026-04-27,84989342,23,True,Рисованный большой герой и маленький друг,Верность и забота,"2D, эмоциональная история",English title; spoken language not independently checked,unknown; final pixels do not establish the production software,thumbnail_only,"Thumbnail and public metadata only; motion, audio, first frame and retention not checked",2026-10-05T22:36:20Z,roblox animation 99 nights
47,zcQHDHPZJls,https://www.youtube.com/watch?v=zcQHDHPZJls,Noob found a new strategy ☠️ - Roblox 99 Nights in the Forest #robloxanimation,Sigma Oofblox,short_entertainment,2025-09-11,41481085,29,True,Noob с непослушной мимикой на зелёном фоне,Изобретательность слабого персонажа,"3D, игровая комедия",English title; spoken language not independently checked,unknown; final pixels do not establish the production software,thumbnail_only,"Thumbnail and public metadata only; motion, audio, first frame and retention not checked",2026-10-05T22:36:20Z,roblox animation 99 nights
48,64cR1y1Q2bQ,https://www.youtube.com/watch?v=64cR1y1Q2bQ,When Noob sees a girl at the gym ☠️ PT7 - Roblox Dead Rails #robloxanimation,Ninja Roblox,short_entertainment,2025-07-03,37946024,13,True,Noob держит гантели в вертикальном кадре,Слабый персонаж демонстрирует неожиданную силу,"3D, физический гэг",English title; spoken language not independently checked,unknown; final pixels do not establish the production software,thumbnail_only,"Thumbnail and public metadata only; motion, audio, first frame and retention not checked",2026-10-05T22:36:24Z,roblox animation ninja roblox
49,Hj8oocMGf9k,https://www.youtube.com/watch?v=Hj8oocMGf9k,"Be happy, my baby - STEAL AN EGG | ROBLOX ANIMATION",GH'S,short_entertainment,2026-10-02,1881426,16,True,Рисованный Bacon держит маленького Noob,Контраст кражи/ценности и заботы,"2D, история по Steal an Egg",English title; spoken language not independently checked,unknown; final pixels do not establish the production software,thumbnail_only,"Thumbnail and public metadata only; motion, audio, first frame and retention not checked",2026-10-05T22:36:26Z,roblox animation GH S
50,T_Dfq1BDM6o,https://www.youtube.com/watch?v=T_Dfq1BDM6o,Take me back to 2016 - ROBLOX ANIMATION,GH'S,short_entertainment,2026-03-22,39624596,18,True,Рисованная пара на сером игровом поле,Ностальгия о старом Roblox,"2D, эмоциональный мем",English title; spoken language not independently checked,unknown; final pixels do not establish the production software,thumbnail_only,"Thumbnail and public metadata only; motion, audio, first frame and retention not checked",2026-10-05T22:36:26Z,roblox animation GH S
51,Iw719e0rR1s,https://www.youtube.com/watch?v=Iw719e0rR1s,BRO CARRIED💀 - EMOTIA ESCAPE | ROBLOX ANIMATION,GH'S,short_entertainment,2026-10-01,1983470,21,True,Рисованные герои Emotia Escape на тёмном фоне,Спасение команды сильным участником,"2D, игровой мем",English title; spoken language not independently checked,unknown; final pixels do not establish the production software,thumbnail_only,"Thumbnail and public metadata only; motion, audio, first frame and retention not checked",2026-10-05T22:36:27Z,roblox animation GH S
52,1vEWS5cd3Ys,https://www.youtube.com/watch?v=1vEWS5cd3Ys,He Tried to Steal My Egg... 💀 - STEAL AN EGG | ROBLOX ANIMATION,GH'S,short_entertainment,2026-09-25,1778655,19,True,"Рисованный герой, цветы и сердечки",Смена ожидаемого конфликта вокруг яйца,"2D, история по Steal an Egg",English title; spoken language not independently checked,unknown; final pixels do not establish the production software,thumbnail_only,"Thumbnail and public metadata only; motion, audio, first frame and retention not checked",2026-10-05T22:36:27Z,roblox animation GH S
53,o8us6csw1fM,https://www.youtube.com/watch?v=o8us6csw1fM,EMPLOYEE OF THE MONTH 🏆 - ANIMAL HOSPITAL | ROBLOX ANIMATION,GH'S,short_entertainment,2026-09-01,8112424,25,True,Рисованный тёмный доктор и красные силуэты,Признание героя или конфликт на работе,"2D, история по Animal Hospital",English title; spoken language not independently checked,unknown; final pixels do not establish the production software,thumbnail_only,"Thumbnail and public metadata only; motion, audio, first frame and retention not checked",2026-10-05T22:36:28Z,roblox animation GH S
54,l28xzuV5Xo0,https://www.youtube.com/watch?v=l28xzuV5Xo0,"Thank you, Ransom | Roblox Doors Animation",Jeny_Punker,short_entertainment,2026-09-29,1481059,16,True,Подробная 3D-модель героя в тёмной сцене,Благодарность узнаваемому персонажу DOORS,"3D, фанатская история",English title; spoken language not independently checked,unknown; final pixels do not establish the production software,thumbnail_only,"Thumbnail and public metadata only; motion, audio, first frame and retention not checked",2026-10-05T22:36:31Z,roblox animation jeny punker
55,buLmXBjtKsU,https://www.youtube.com/watch?v=buLmXBjtKsU,When they kicked Noob off the train ☠️ PT4 - Roblox Dead Rails #robloxanimation,Ninja Roblox,short_entertainment,2025-06-22,30923857,15,True,Два героя на фоне поезда и пустыни,Предательство команды и последствия,"3D, комедия отношений",English title; spoken language not independently checked,unknown; final pixels do not establish the production software,thumbnail_only,"Thumbnail and public metadata only; motion, audio, first frame and retention not checked",2026-10-05T22:36:37Z,roblox animation dead rails noob
56,DYIuvcIepGc,https://www.youtube.com/watch?v=DYIuvcIepGc,DOORS FLOOR 1 & 2 RETOLD - FERA ANIMATIONS,Fera Animations,story_animation,2024-11-15,6134702,556,,Большой рисованный монстр и маленькие герои; надпись RETOLD,Знакомая игра пересказана в авторской манере,"2D, горизонтальная история",English title; spoken language not independently checked,unknown; final pixels do not establish the production software,thumbnail_only,"Thumbnail and public metadata only; motion, audio, first frame and retention not checked",2026-10-05T22:34:30Z,roblox doors animation funny
57,3B_WlSIyPLA,https://www.youtube.com/watch?v=3B_WlSIyPLA,DOORS 👁️ CONTENT UPDATE Funny Moments (COMPILATION),Quimic,story_animation,2025-02-07,3170885,1827,,"Блочные герои, диалог HOW? и I HAVE ADMIN NOW",Власть героя и реакция другого,Игровой монтаж/3D; формат по кадру не установлен,English title; spoken language not independently checked,unknown; final pixels do not establish the production software,thumbnail_only,"Thumbnail and public metadata only; motion, audio, first frame and retention not checked",2026-10-05T22:34:31Z,roblox doors animation funny
58,95dO4Yd6Cww,https://www.youtube.com/watch?v=95dO4Yd6Cww,PRO vs DOORS,Davebb933,story_animation,2024-04-05,44053600,502,,Один блочный герой против ряда больших монстров,Ожидание мастерства перед несколькими угрозами,"3D, экшен",English title; spoken language not independently checked,unknown; final pixels do not establish the production software,thumbnail_only,"Thumbnail and public metadata only; motion, audio, first frame and retention not checked",2026-10-05T22:34:32Z,roblox doors animation funny
59,b_vsHSJSZcE,https://www.youtube.com/watch?v=b_vsHSJSZcE,DOORS ARCHIVES 👔 UPDATE FUNNY MOMENTS,Quimic,story_animation,2026-09-06,978662,847,,"Герои в очереди, табло NOW SERVING 0",Новое игровое правило превращено в конфликт,Игровой монтаж/3D; формат по кадру не установлен,English title; spoken language not independently checked,unknown; final pixels do not establish the production software,thumbnail_only,"Thumbnail and public metadata only; motion, audio, first frame and retention not checked",2026-10-05T22:34:32Z,roblox doors animation funny
60,Oti0qtEzrAk,https://www.youtube.com/watch?v=Oti0qtEzrAk,ROBLOX DOORS FLOOR 2 (THE MINES) - FUNNY MEME - FLIPACLIP - ANIMATION,ANGUBOT NA,story_animation,2024-10-03,4538916,370,,Рисованные герои и надпись I PLAY DOORS 2 FLOOR,Новая часть узнаваемой игры,"2D, пересказ",English title; spoken language not independently checked,unknown; final pixels do not establish the production software,thumbnail_only,"Thumbnail and public metadata only; motion, audio, first frame and retention not checked",2026-10-05T22:34:32Z,roblox doors animation funny
61,9Dso5fbi5js,https://www.youtube.com/watch?v=9Dso5fbi5js,ROBLOX 99 NIGHTS IN THE FOREST RETOLD | Animation,ToonAnimations,story_animation,2025-10-07,2582771,141,,Большой олень и группа рисованных героев,Узнаваемая игра и обещание её пересказа,"2D, пересказ",English title; spoken language not independently checked,unknown; final pixels do not establish the production software,thumbnail_only,"Thumbnail and public metadata only; motion, audio, first frame and retention not checked",2026-10-05T22:34:32Z,roblox 99 nights in the forest animation
62,d5xWOQKaeDE,https://www.youtube.com/watch?v=d5xWOQKaeDE,Roblox 99 Nights In The Forest Animation Full Movie,SD ANIMATOR,story_animation,2025-11-19,17108,3972,,Олень и герои в лесу; название полного фильма,Масштабное обещание длинной истории,"3D, длинная история",English title; spoken language not independently checked,unknown; final pixels do not establish the production software,thumbnail_only,"Thumbnail and public metadata only; motion, audio, first frame and retention not checked",2026-10-05T22:34:33Z,roblox 99 nights in the forest animation
63,a35s37LbKTc,https://www.youtube.com/watch?v=a35s37LbKTc,Even Without - 99 Nights in the Forest Short Animation,Robstix,story_animation,2025-11-30,2479330,702,,"Блочный Noob, олень и второй герой в светлом лесу",Защита слабого и эмоциональный конфликт,"3D, история отношений",English title; spoken language not independently checked,unknown; final pixels do not establish the production software,thumbnail_only,"Thumbnail and public metadata only; motion, audio, first frame and retention not checked",2026-10-05T22:34:33Z,roblox 99 nights in the forest animation
64,-DN7YBSZ6KQ,https://www.youtube.com/watch?v=-DN7YBSZ6KQ,Cute 99 Nights in the forest animation,순록,story_animation,2025-10-01,29687408,103,,"Рисованные лица, ряд игровых предметов",Милые интерпретации страшных персонажей,"2D, фанатская история",English title; spoken language not independently checked,unknown; final pixels do not establish the production software,thumbnail_only,"Thumbnail and public metadata only; motion, audio, first frame and retention not checked",2026-10-05T22:34:34Z,roblox 99 nights in the forest animation
65,wXxTzvVvpHU,https://www.youtube.com/watch?v=wXxTzvVvpHU,"99 NIGHTs, But They're GIRLS!?  (Cartoon Animation)",GameToons,story_animation,2025-11-15,1867726,509,,Несколько разноцветных рисованных персонажей,Альтернативные версии привычных монстров,"2D, ансамблевая история",English title; spoken language not independently checked,unknown; final pixels do not establish the production software,thumbnail_only,"Thumbnail and public metadata only; motion, audio, first frame and retention not checked",2026-10-05T22:34:33Z,roblox 99 nights in the forest animation
66,zNHNekz-bsQ,https://www.youtube.com/watch?v=zNHNekz-bsQ,"99 NIGHTS IN THE FOREST, BUT THERE ARE ONLY GIRLS!? (ALL EPISODES) Roblox Animation",MrSamBoost,story_animation,2025-09-02,8616586,671,,"Группа 3D-героев, сердца и ALL EPISODES",Отношения плюс знакомая игровая вселенная,"3D, сюжетная сборка",English title; spoken language not independently checked,unknown; final pixels do not establish the production software,thumbnail_only,"Thumbnail and public metadata only; motion, audio, first frame and retention not checked",2026-10-05T22:34:34Z,roblox 99 nights in the forest animation
67,k15Dw7zjyno,https://www.youtube.com/watch?v=k15Dw7zjyno,Electric Escape | Roblox Dead Rails Animation,DarkConeNiete,story_animation,2026-03-28,347711,123,,Два блочных героя и мотоцикл в пустыне,Побег с ясной целью и средством,"3D, экшен",English title; spoken language not independently checked,unknown; final pixels do not establish the production software,thumbnail_only,"Thumbnail and public metadata only; motion, audio, first frame and retention not checked",2026-10-05T22:34:34Z,roblox dead rails animation
68,4A-pzTxnN4o,https://www.youtube.com/watch?v=4A-pzTxnN4o,Dead rails | Roblox Animation 01,Clutchmaker,story_animation,2025-05-04,5372482,94,,Крупный каменный противник и маленькие герои,Контраст масштаба и ожидаемый бой,"3D, экшен",English title; spoken language not independently checked,unknown; final pixels do not establish the production software,thumbnail_only,"Thumbnail and public metadata only; motion, audio, first frame and retention not checked",2026-10-05T22:34:34Z,roblox dead rails animation
69,AGksbFJMmyM,https://www.youtube.com/watch?v=AGksbFJMmyM,Outlaw Assault | Roblox Dead Rails Animation,DarkConeNiete,story_animation,2025-04-22,1841627,123,,Два вооружённых героя в пустыне,Столкновение отряда с угрозой,"3D, экшен",English title; spoken language not independently checked,unknown; final pixels do not establish the production software,thumbnail_only,"Thumbnail and public metadata only; motion, audio, first frame and retention not checked",2026-10-05T22:34:35Z,roblox dead rails animation
70,eedhnxueXac,https://www.youtube.com/watch?v=eedhnxueXac,The Alamo and Conductor Class in a Nutshell (Dead Rails Animation),Chubs Animations,story_animation,2025-08-09,200716,146,,Рисованный проводник и ключевые слова IN A NUTSHELL,Короткое объяснение новой игровой механики,"2D, комедийный пересказ",English title; spoken language not independently checked,unknown; final pixels do not establish the production software,thumbnail_only,"Thumbnail and public metadata only; motion, audio, first frame and retention not checked",2026-10-05T22:34:35Z,roblox dead rails animation
71,RBjs5QLoY9w,https://www.youtube.com/watch?v=RBjs5QLoY9w,Dead Rails: The End | Roblox - Animation,TheZakaz,story_animation,2026-01-16,521074,240,,Персонаж с арбалетом на фоне DEAD RAILS THE END,Финал истории и завершение конфликта,"3D, экшен",English title; spoken language not independently checked,unknown; final pixels do not establish the production software,thumbnail_only,"Thumbnail and public metadata only; motion, audio, first frame and retention not checked",2026-10-05T22:34:35Z,roblox dead rails animation
72,1MQwhoj2Lpw,https://www.youtube.com/watch?v=1MQwhoj2Lpw,Off The Tracks 2 | Dead Rails Animation,seenworks,story_animation,2026-06-12,39835,294,,Герои у костра с поездом на фоне,Атмосфера и продолжение истории,"3D, сюжетная сцена",English title; spoken language not independently checked,unknown; final pixels do not establish the production software,thumbnail_only,"Thumbnail and public metadata only; motion, audio, first frame and retention not checked",2026-10-05T22:34:35Z,roblox dead rails animation
73,ojjQQ-Wd3BM,https://www.youtube.com/watch?v=ojjQQ-Wd3BM,Dead rails | Roblox Animation 02,Clutchmaker,story_animation,2025-05-26,3219333,175,,Блочный герой с оружием в пустыне,Новый эпизод знакомой пары и мира,"3D, экшен",English title; spoken language not independently checked,unknown; final pixels do not establish the production software,thumbnail_only,"Thumbnail and public metadata only; motion, audio, first frame and retention not checked",2026-10-05T22:34:35Z,roblox dead rails animation
74,QSsdQ8Qixgs,https://www.youtube.com/watch?v=QSsdQ8Qixgs,Steal a Brainrot in a Nutshell (Roblox Animation),Chubs Animations,story_animation,2025-08-23,1011581,103,,Рисованные герои и яркая надпись Steal a Brainrot,Понятный комедийный пересказ популярной игры,"2D, пересказ",English title; spoken language not independently checked,unknown; final pixels do not establish the production software,thumbnail_only,"Thumbnail and public metadata only; motion, audio, first frame and retention not checked",2026-10-05T22:34:36Z,roblox steal a brainrot animation
75,36TV1PmCZ4Q,https://www.youtube.com/watch?v=36TV1PmCZ4Q,ROBLOX STEAL A BRAINROT RETOLD | Cartoon Animation,ToonAnimations,story_animation,2025-09-05,2951511,129,,Удивлённый герой и сравнение дохода персонажей,Игровая экономика показана как конфликт,"2D, пересказ",English title; spoken language not independently checked,unknown; final pixels do not establish the production software,thumbnail_only,"Thumbnail and public metadata only; motion, audio, first frame and retention not checked",2026-10-05T22:34:36Z,roblox steal a brainrot animation
76,_34dVCjLIWk,https://www.youtube.com/watch?v=_34dVCjLIWk,ROBLOX STEAL AN EGG🥚 RETOLD | ANIMATION,ToonAnimations,story_animation,2026-09-27,1140891,112,,"Рисованные персонажи вокруг яйца, SAVE SOME",Новый игровой предмет как центр истории,"2D, пересказ",English title; spoken language not independently checked,unknown; final pixels do not establish the production software,thumbnail_only,"Thumbnail and public metadata only; motion, audio, first frame and retention not checked",2026-10-05T22:34:36Z,roblox steal a brainrot animation
77,mFYqxrJe614,https://www.youtube.com/watch?v=mFYqxrJe614,ROBLOX STEAL A BRAINROT RETOLD | Cartoon Animation,Monster Kitchen,story_animation,2025-10-23,64603,152,,Плачущий герой и крупная сумма денег,Статус и потеря ценности,"2D, пересказ",English title; spoken language not independently checked,unknown; final pixels do not establish the production software,thumbnail_only,"Thumbnail and public metadata only; motion, audio, first frame and retention not checked",2026-10-05T22:34:36Z,roblox steal a brainrot animation
78,ApsX631MLEE,https://www.youtube.com/watch?v=ApsX631MLEE,ROBLOX GROW A GARDEN RETOLD | Animation,ToonAnimations,story_animation,2025-12-02,807164,145,,"Noob, гигантская клубника и крупная сумма",Рост ценности и неожиданное богатство,"2D, пересказ",English title; spoken language not independently checked,unknown; final pixels do not establish the production software,thumbnail_only,"Thumbnail and public metadata only; motion, audio, first frame and retention not checked",2026-10-05T22:34:37Z,roblox grow a garden animation
79,rA26KwGKp5w,https://www.youtube.com/watch?v=rA26KwGKp5w,The Bacon Hair - A Roblox Action Movie,ObliviousHD,story_animation,2020-12-11,33354172,1615,,Два Bacon-персонажа с тревожными лицами,Постоянные герои и драматическая история,"3D, полнометражный экшен",English title; spoken language not independently checked,unknown; final pixels do not establish the production software,thumbnail_only,"Thumbnail and public metadata only; motion, audio, first frame and retention not checked",2026-10-05T22:34:39Z,roblox bacon hair animated story
80,wmmEPcXR9Es,https://www.youtube.com/watch?v=wmmEPcXR9Es,ROBLOX Brookhaven 🏡RP - THE BACON HAIR Sad Story Part 3 - Roblox Animation,Roblox Edgar,story_animation,2025-01-07,20978163,894,,"Bacon в наручниках, рука у головы",Несправедливость и сочувствие персонажу,"3D, сюжетная драма",English title; spoken language not independently checked,unknown; final pixels do not establish the production software,thumbnail_only,"Thumbnail and public metadata only; motion, audio, first frame and retention not checked",2026-10-05T22:34:40Z,roblox bacon hair animated story
81,o9PkeOh4XJI,https://www.youtube.com/watch?v=o9PkeOh4XJI,NEVER Help the HAPPY!! | New Happy Update in 99 Nights in the Forest (Roblox),Venzu Roblox,gameplay,2026-10-04,202792,958,,Игровой кадр с HAPPY и интерфейсом,Новая механика и запрет-предупреждение,Захват gameplay и английская озвучка,English title; spoken language not independently checked,unknown; final pixels do not establish the production software,thumbnail_only,"Thumbnail and public metadata only; motion, audio, first frame and retention not checked",2026-10-05T22:34:40Z,roblox challenge 99 nights in the forest english
82,XEng9R4OtdU,https://www.youtube.com/watch?v=XEng9R4OtdU,"*NEW* ALL 5 STAR CLASSES TIER LIST 99 Nights In The Forest, Cyborg, Vampire #roblox",Zinister,gameplay,2026-10-02,25286,1107,,Две области S TIER/B TIER и два класса,Практическая помощь в выборе,"Захват gameplay, сравнение",English title; spoken language not independently checked,unknown; final pixels do not establish the production software,thumbnail_only,"Thumbnail and public metadata only; motion, audio, first frame and retention not checked",2026-10-05T22:34:41Z,roblox challenge 99 nights in the forest english
83,3eOwW3cApOo,https://www.youtube.com/watch?v=3eOwW3cApOo,Roblox FUNNY Moments in 99 Nights in the Forest (Full Gameplay),xnehaha,gameplay,2026-09-29,60236,1407,,"DAY 1 против DAY 7999+, стрелка к базе",Большой обещанный прогресс,"Захват gameplay, длинный эксперимент",English title; spoken language not independently checked,unknown; final pixels do not establish the production software,thumbnail_only,"Thumbnail and public metadata only; motion, audio, first frame and retention not checked",2026-10-05T22:34:41Z,roblox challenge 99 nights in the forest english
84,PZXUUzGqMKM,https://www.youtube.com/watch?v=PZXUUzGqMKM,99 Nights in the Forest 🔦 FUNNIEST Moments (MEMES) #1,Folix,gameplay,2026-02-14,5166210,1786,,"Группа игроков и монстров, яркие лица",Монтаж разнообразных смешных столкновений,"Захват gameplay, мемный монтаж",English title; spoken language not independently checked,unknown; final pixels do not establish the production software,thumbnail_only,"Thumbnail and public metadata only; motion, audio, first frame and retention not checked",2026-10-05T22:34:41Z,roblox challenge 99 nights in the forest english
85,EOa4VfQjsmQ,https://www.youtube.com/watch?v=EOa4VfQjsmQ,"Can I SURVIVE 1,000 Days SOLO in 99 nights in the Forest? Lava Update Roblox",CinnaDolly,gameplay,2025-09-29,2863586,3092,,"DAY 1000, герой и опасный лес",Проверяемый большой челлендж,"Захват gameplay, эксперимент",English title; spoken language not independently checked,unknown; final pixels do not establish the production software,thumbnail_only,"Thumbnail and public metadata only; motion, audio, first frame and retention not checked",2026-10-05T22:34:41Z,roblox challenge 99 nights in the forest english
86,HzbagStRN9E,https://www.youtube.com/watch?v=HzbagStRN9E,How Long Can I Survive With ALL KIDS WORKING in 99 NIGHTS IN THE FOREST! (Roblox),soph!,gameplay,2026-08-11,167804,1127,,"DAY 1000, ведущая и несколько детей",Проверка одной игровой переменной,"Захват gameplay, челлендж",English title; spoken language not independently checked,unknown; final pixels do not establish the production software,thumbnail_only,"Thumbnail and public metadata only; motion, audio, first frame and retention not checked",2026-10-05T22:34:42Z,roblox challenge 99 nights in the forest english
87,pIhVdOaUvMw,https://www.youtube.com/watch?v=pIhVdOaUvMw,I Survived 99 Nights With NO CAMPFIRE!,sworde,gameplay,2025-10-31,462224,963,,"Зачёркнутый костёр, подпись no campfire",Удаление необходимого ресурса,"Захват gameplay, челлендж",English title; spoken language not independently checked,unknown; final pixels do not establish the production software,thumbnail_only,"Thumbnail and public metadata only; motion, audio, first frame and retention not checked",2026-10-05T22:34:42Z,roblox challenge 99 nights in the forest english
88,FGVX2pcLMII,https://www.youtube.com/watch?v=FGVX2pcLMII,43 PRO Tips YOU SHOULD KNOW in 99 Nights In The Forest!,Banana Blox,gameplay,2025-09-23,2072060,741,,Два предмета и подпись 0.01%,Обещание полезных редких знаний,"Захват gameplay, инструкция",English title; spoken language not independently checked,unknown; final pixels do not establish the production software,thumbnail_only,"Thumbnail and public metadata only; motion, audio, first frame and retention not checked",2026-10-05T22:34:42Z,roblox challenge 99 nights in the forest english
89,iuzrW48LBSs,https://www.youtube.com/watch?v=iuzrW48LBSs,Building A LUXURIOUS Base In 99 NIGHTS IN THE FOREST,Alaska Violet,gameplay,2025-09-12,4196148,1277,,Большая база и подпись MOST LUXURIOUS BASE,Зримая награда и преображение,"Захват gameplay, строительство",English title; spoken language not independently checked,unknown; final pixels do not establish the production software,thumbnail_only,"Thumbnail and public metadata only; motion, audio, first frame and retention not checked",2026-10-05T22:34:42Z,roblox challenge 99 nights in the forest english
90,4WDuvmaE7-4,https://www.youtube.com/watch?v=4WDuvmaE7-4,I Survived In A PLAYGROUND for 99 Nights in the Forest,sworde,gameplay,2025-11-12,914202,1165,,"Олень у детской площадки, текст can't leave",Ограниченное пространство и угроза,"Захват gameplay, челлендж",English title; spoken language not independently checked,unknown; final pixels do not establish the production software,thumbnail_only,"Thumbnail and public metadata only; motion, audio, first frame and retention not checked",2026-10-05T22:34:42Z,roblox challenge 99 nights in the forest english
91,jDu_5wRZLiE,https://www.youtube.com/watch?v=jDu_5wRZLiE,I Built The ULTIMATE SAFEST BASE In 99 Nights in the Forest Roblox,CinnaDolly,gameplay,2025-09-03,3546435,1538,,"Большая круглая база, олень и DAY 999",Обещание защищённого результата,"Захват gameplay, строительство",English title; spoken language not independently checked,unknown; final pixels do not establish the production software,thumbnail_only,"Thumbnail and public metadata only; motion, audio, first frame and retention not checked",2026-10-05T22:34:42Z,roblox challenge 99 nights in the forest english
92,yFlPPpy_11o,https://www.youtube.com/watch?v=yFlPPpy_11o,SCREAM and RUN ROBLOX FUNNY MOMENTS,Capybara Roblox,gameplay,2026-10-03,25230,537,,Текст I HAVE TO PEE и DON'T MOVE; герой и дверь,Диалоговый конфликт и неудобное правило,Игровая постановка/монтаж,English title; spoken language not independently checked,unknown; final pixels do not establish the production software,thumbnail_only,"Thumbnail and public metadata only; motion, audio, first frame and retention not checked",2026-10-05T22:34:43Z,roblox funny moments challenge english
93,dw7R5K3KswQ,https://www.youtube.com/watch?v=dw7R5K3KswQ,ROBLOX Brookhaven 🏡RP - FUNNY MOMENTS (TAXI 14),LillePekka,gameplay,2023-01-13,7181882,537,,Маленькое такси и крупный пассажир; Will I fit?,Мгновенно считываемая проблема размера,Игровая постановка/монтаж,English title; spoken language not independently checked,unknown; final pixels do not establish the production software,thumbnail_only,"Thumbnail and public metadata only; motion, audio, first frame and retention not checked",2026-10-05T22:34:43Z,roblox funny moments challenge english
94,zLc5Zj9ivQU,https://www.youtube.com/watch?v=zLc5Zj9ivQU,Murder Mystery 2 FUNNIEST Moments (MEMES),Folix,gameplay,2021-03-22,34445631,502,,Несколько реакционных лиц вокруг героя,Обещание сильных смешных реакций,"Захват gameplay, мемный монтаж",English title; spoken language not independently checked,unknown; final pixels do not establish the production software,thumbnail_only,"Thumbnail and public metadata only; motion, audio, first frame and retention not checked",2026-10-05T22:34:44Z,roblox funny moments challenge english
95,xDM9U-QPlak,https://www.youtube.com/watch?v=xDM9U-QPlak,Roblox A Desert Trip Funny Moments #1,Folix,gameplay,2026-05-11,5471564,574,,Старая машина и два героя в пустыне,Обещание приключения в новой игре,"Захват gameplay, мемный монтаж",English title; spoken language not independently checked,unknown; final pixels do not establish the production software,thumbnail_only,"Thumbnail and public metadata only; motion, audio, first frame and retention not checked",2026-10-05T22:34:44Z,roblox funny moments challenge english
96,I3pXLzDPoTM,https://www.youtube.com/watch?v=I3pXLzDPoTM,Blender Vs Moon Animator for ROBLOX ANIMATION            :D,Jthebacon,production_reference,2025-07-29,88188,255,,"Слово ANIMATION, блочный герой и сцена",Сравнение двух инструментов,Производственный источник; отдельная аудитория,English title; spoken language not independently checked,Blender mentioned by uploader; role in production not independently checked; Moon Animator mentioned by uploader,thumbnail_only,"Thumbnail and public metadata only; motion, audio, first frame and retention not checked",2026-10-05T22:34:46Z,roblox animation blender moon animator tutorial
97,wRA8PolifSg,https://www.youtube.com/watch?v=wRA8PolifSg,This New Roblox Animation Tool Changes EVERYTHING! Goodbye Moon Animator,The Meg and Mo Show,production_reference,2026-05-13,251841,352,,"Ведущий, редактор и GOODBYE MOON ANIMATOR",Новизна инструмента,Производственный источник; рекламное заявление автора,English title; spoken language not independently checked,Blender mentioned by uploader; role in production not independently checked; Moon Animator mentioned by uploader,thumbnail_only,"Thumbnail and public metadata only; motion, audio, first frame and retention not checked",2026-10-05T22:34:46Z,roblox animation blender moon animator tutorial
98,eg6COxaPCyo,https://www.youtube.com/watch?v=eg6COxaPCyo,Roblox Animation in Blender: Full Beginner Guide [2026],Nisky,production_reference,2025-11-18,460320,465,,"Blender, rig и BEGINNER GUIDE",Понятный результат для новичка,Производственный источник,English title; spoken language not independently checked,Blender mentioned by uploader; role in production not independently checked,thumbnail_only,"Thumbnail and public metadata only; motion, audio, first frame and retention not checked",2026-10-05T22:34:46Z,roblox animation blender moon animator tutorial
99,267aFypaeWU,https://www.youtube.com/watch?v=267aFypaeWU,Roblox ANIMATION Guide #1 - Moon Animator (2026),Nisky,production_reference,2025-10-28,255150,727,,"Blender, rig и BASICS",Понятный учебный вход,Производственный источник,English title; spoken language not independently checked,unknown; final pixels do not establish the production software; Moon Animator mentioned by uploader,thumbnail_only,"Thumbnail and public metadata only; motion, audio, first frame and retention not checked",2026-10-05T22:34:47Z,roblox animation blender moon animator tutorial
100,k8hanW7FFuA,https://www.youtube.com/watch?v=k8hanW7FFuA,Roblox Blender Animation Tutorial 2025 | Roblox Studio + Blender,Meep Man,production_reference,2025-02-16,426124,1170,,Два героя и логотипы ROBLOX + BLENDER,Рабочий процесс между программами,Производственный источник,English title; spoken language not independently checked,Blender mentioned by uploader; role in production not independently checked; Moon Animator mentioned by uploader,thumbnail_only,"Thumbnail and public metadata only; motion, audio, first frame and retention not checked",2026-10-05T22:34:47Z,roblox animation blender moon animator tutorial
